<?xml version="1.0" encoding="UTF-8"?>
<project-private xmlns="http://www.netbeans.org/ns/project-private/1">
    <editor-bookmarks xmlns="http://www.netbeans.org/ns/editor-bookmarks/2" lastBookmarkId="0"/>
    <open-files xmlns="http://www.netbeans.org/ns/projectui-open-files/2">
        <group>
            <file>file:/F:/my%20programs/java/netbeans/ASCIIGame/src/asciigame/ASCIIGame.java</file>
            <file>file:/F:/my%20programs/java/netbeans/ASCIIGame/src/asciigame/Draw.java</file>
            <file>file:/F:/my%20programs/java/netbeans/ASCIIGame/src/asciigame/Player.java</file>
            <file>file:/F:/my%20programs/java/netbeans/ASCIIGame/src/asciigame/UserInputHandel.java</file>
            <file>file:/F:/my%20programs/java/netbeans/ASCIIGame/src/asciigame/Food.java</file>
        </group>
    </open-files>
</project-private>
